City Name,GDP Growth Rate(%),Chlorophyll Concentration(μg/L)
Taipei,2.03,1.7808349132537842
Xiamen,4.4,3.7212440967559814
Wenzhou,3.7,4.0788679122924805
Fuzhou,4.4,6.789400100708008
Quanzhou,3.5,5.279302597045898
Putian,4.0,3.1573946475982666

